Label,# Samples,Average,Median,90% Line,95% Line,99% Line,Min,Max,Error %,Throughput,Received KB/sec,Sent KB/sec
BasicPatientSearch,1076,76701,62741,132063,186850,519840,1527,615125,92.937%,1.74772,13.57,2.85
List Providers,866,139965,77682,581660,612409,613738,17392,613989,24.711%,1.41039,2.94,1.92
Book appointment,576,19219,20921,22108,22955,23077,355,23474,100.000%,2.16200,0.88,4.74
TOTAL,2518,85310,39931,132067,437392,613396,355,615125,71.088%,4.08991,16.89,6.81
