{
  "List Providers" : {
    "transaction" : "List Providers",
    "sampleCount" : 181,
    "errorCount" : 46,
    "errorPct" : 25.414364,
    "meanResTime" : 74516.50828729279,
    "medianResTime" : 77368.0,
    "minResTime" : 8192.0,
    "maxResTime" : 229438.0,
    "pct1ResTime" : 104276.40000000001,
    "pct2ResTime" : 109932.00000000001,
    "pct3ResTime" : 157253.4000000006,
    "throughput" : 0.6004750719906579,
    "receivedKBytesPerSec" : 54.26539139840194,
    "sentKBytesPerSec" : 0.733176745358759
  },
  "Total" : {
    "transaction" : "Total",
    "sampleCount" : 499,
    "errorCount" : 54,
    "errorPct" : 10.821643,
    "meanResTime" : 30122.55310621241,
    "medianResTime" : 4006.0,
    "minResTime" : 773.0,
    "maxResTime" : 229438.0,
    "pct1ResTime" : 95791.0,
    "pct2ResTime" : 100951.0,
    "pct3ResTime" : 139755.0,
    "throughput" : 1.6463702320425218,
    "receivedKBytesPerSec" : 114.12229794434674,
    "sentKBytesPerSec" : 2.6868735379803423
  },
  "BasicPatientSearch" : {
    "transaction" : "BasicPatientSearch",
    "sampleCount" : 182,
    "errorCount" : 3,
    "errorPct" : 1.6483517,
    "meanResTime" : 4750.219780219779,
    "medianResTime" : 2598.0,
    "minResTime" : 773.0,
    "maxResTime" : 220819.0,
    "pct1ResTime" : 5916.900000000001,
    "pct2ResTime" : 12207.55,
    "pct3ResTime" : 60064.599999997576,
    "throughput" : 0.6004856675289025,
    "receivedKBytesPerSec" : 59.84119285797359,
    "sentKBytesPerSec" : 1.0033441195296415
  },
  "Book appointment" : {
    "transaction" : "Book appointment",
    "sampleCount" : 136,
    "errorCount" : 5,
    "errorPct" : 3.6764705,
    "meanResTime" : 4993.573529411763,
    "medianResTime" : 2733.0,
    "minResTime" : 1142.0,
    "maxResTime" : 20628.0,
    "pct1ResTime" : 13424.9,
    "pct2ResTime" : 15149.350000000002,
    "pct3ResTime" : 20535.5,
    "throughput" : 0.5083428024639676,
    "receivedKBytesPerSec" : 0.3557859386213444,
    "sentKBytesPerSec" : 1.0812213122719934
  }
}