{
    "metrics": {
        "data_received": {
            "count": 24256,
            "rate": 1151.5134324046637
        },
        "iterations": {
            "count": 105,
            "rate": 4.984701121474673
        },
        "http_req_duration": {
            "avg": 287.1446085714287,
            "min": 0,
            "med": 287.769,
            "max": 351.8131,
            "p(90)": 305.00408,
            "p(95)": 306.54716
        },
        "http_req_tls_handshaking": {
            "avg": 23.54264666666667,
            "min": 0,
            "med": 0,
            "max": 626.3348,
            "p(90)": 0,
            "p(95)": 0
        },
        "my_duration": {
            "med": 287.769,
            "max": 351.8131,
            "p(90)": 305.00408,
            "p(95)": 306.54716,
            "avg": 287.1446085714287,
            "min": 0
        },
        "my_custom_counter": {
            "count": 105,
            "rate": 4.984701121474673
        },
        "data_sent": {
            "rate": 579.3646903473992,
            "count": 12204
        },
        "http_req_sending": {
            "p(95)": 0.7711399999999998,
            "avg": 0.19888285714285717,
            "min": 0,
            "med": 0,
            "max": 2.0555,
            "p(90)": 0.6277800000000001
        },
        "checks": {
            "passes": 105,
            "fails": 105,
            "value": 0.5
        },
        "http_req_receiving": {
            "avg": 0.011840000000000002,
            "min": 0,
            "med": 0,
            "max": 0.7355,
            "p(90)": 0,
            "p(95)": 0
        },
        "http_req_failed": {
            "passes": 105,
            "fails": 0,
            "value": 1
        },
        "http_req_waiting": {
            "max": 351.2264,
            "p(90)": 302.92322,
            "p(95)": 306.43954,
            "avg": 286.9338857142858,
            "min": 0,
            "med": 287.3676
        },
        "http_req_connecting": {
            "p(90)": 0,
            "p(95)": 0,
            "avg": 68.38337238095238,
            "min": 0,
            "med": 0,
            "max": 3334.312
        },
        "vus": {
            "value": 1,
            "min": 1,
            "max": 5
        },
        "vus_max": {
            "value": 5,
            "min": 5,
            "max": 5
        },
        "http_reqs": {
            "count": 105,
            "rate": 4.984701121474673
        },
        "iteration_duration": {
            "max": 21063.8365,
            "p(90)": 311.15396000000004,
            "p(95)": 358.06979999999993,
            "avg": 585.1619733333332,
            "min": 283.02,
            "med": 292.5458
        },
        "http_req_blocked": {
            "med": 0,
            "max": 3959.2708,
            "p(90)": 0,
            "p(95)": 0,
            "avg": 92.32520571428572,
            "min": 0
        }
    },
    "root_group": {
        "name": "",
        "path": "",
        "id": "d41d8cd98f00b204e9800998ecf8427e",
        "groups": {},
        "checks": {
                "status is 200": {
                    "id": "6210a8cd14cd70477eba5c5e4cb3fb5f",
                    "passes": 0,
                    "fails": 105,
                    "name": "status is 200",
                    "path": "::status is 200"
                },
                "response time < 1s": {
                    "passes": 105,
                    "fails": 0,
                    "name": "response time < 1s",
                    "path": "::response time < 1s",
                    "id": "30d705bf10dd6f88f1862ef48be41994"
                }
            }
    }
}